{
  "CAMERA_DEBUT_COULOIR_DROIT_full": 46.55158888888889,
  "CAMERA_DEVANTURE_PORTE_ENTREE_full": 108.7159333333334,
  "CAMERA_DEVANTURE_SOUS_ARBRE_full": 2.4650555555556366,
  "CAMERA_ESCALIER_DEBUT_COULOIR_GAUCHE_full": 0.0,
  "CAMERA_FIN_COULOIR_DROIT_full": 12.60121111111107,
  "CAMERA_FIN_COULOIR_GAUCHE_ETAGE1_full": 287.5798333333334,
  "CAMERA_FIN_COULOIR_GAUCHE_REZ_PARTIE_1_full": 451.1242666666667,
  "CAMERA_FIN_COULOIR_GAUCHE_REZ_PARTIE_2_full": 393.8492666666667,
  "CAMERA_HALL_PORTE_DROITE_full": 110.57759999999996,
  "CAMERA_HALL_PORTE_ENTREE_full": 127.73325555555562,
  "CAMERA_HALL_PORTE_GAUCHE_full": 95.81382222222226
}